Monk,Adrian,EMT,Fire_fighting,Coding,Robotics
Bundy,Al,EMT,Coding,Robotics,Fire_fighting
Keaton,Alex,EMT,Coding,Robotics,Fire_fighting
McBeal,Ally,Coding,EMT,Robotics,Fire_fighting
Sipowicz,Andy,Robotics,Coding,Fire_fighting,EMT
Taylor,Andy,EMT,Fire_fighting,Robotics,Coding
Marie,Ann,Coding,EMT,Robotics,Fire_fighting
Fonzereli,Author,Coding,Robotics,EMT,Fire_fighting
Fife,Barney,EMT,Robotics,Fire_fighting,Coding
Miller,Barney,Fire_fighting,Robotics,EMT,Coding
Pierce,Benjamine,Coding,Fire_fighting,Robotics,EMT
DuBois,Benson,EMT,Coding,Robotics,Fire_fighting
Moose,Bowinkle,Robotics,Coding,EMT,Fire_fighting
Maverick,Bret,Coding,EMT,Robotics,Fire_fighting
Summers,Buffy,EMT,Fire_fighting,Coding,Robotics
Tortelli,Carla,Fire_fighting,EMT,Robotics,Coding
Soprano,Carmela,EMT,Fire_fighting,Robotics,Coding
Bradshaw,Carrie,EMT,Robotics,Fire_fighting,Coding
Willows,Catherine,Robotics,Coding,EMT,Fire_fighting
Ingalls,Charles,Fire_fighting,Coding,Robotics,EMT
Huxtable,Cliff,Coding,EMT,Fire_fighting,Robotics
Cooper,Dale,Coding,EMT,Fire_fighting,Robotics
Fielding,Dan,Coding,EMT,Fire_fighting,Robotics
Scully,Dana,Fire_fighting,Robotics,Coding,EMT
Addison,David,Fire_fighting,Coding,EMT,Robotics
Chambers,Diane,Robotics,EMT,Coding,Fire_fighting
Solomon,Dick,Fire_fighting,EMT,Robotics,Coding
Ross,Doug,Robotics,Fire_fighting,EMT,Coding
Norton,Ed,EMT,Fire_fighting,Coding,Robotics
Bunker,Edith,EMT,Fire_fighting,Coding,Robotics
Frutt,Ellenor,Robotics,Coding,EMT,Fire_fighting
Peel,Emma,Coding,Robotics,Fire_fighting,EMT
Cartman,Eric,Coding,Robotics,Fire_fighting,EMT
Bilko,Ernie,EMT,Fire_fighting,Robotics,Coding
Mulder,Fox,Robotics,Coding,EMT,Fire_fighting
Pembleton,Frank,EMT,Fire_fighting,Coding,Robotics
Crane,Frasier,Robotics,EMT,Fire_fighting,Coding
Sanford,Fred,Fire_fighting,Robotics,EMT,Coding
Cast,Freida,Coding,Fire_fighting,EMT,Robotics
Jefferson,George,Coding,Robotics,Fire_fighting,EMT
Grissom,Gil,EMT,Fire_fighting,Robotics,Coding
Addams,Gomez,Fire_fighting,EMT,Coding,Robotics
Munster,Herman,EMT,Robotics,Coding,Fire_fighting
Simpson,Homer,Fire_fighting,EMT,Robotics,Coding
Caine,Horatio,Coding,Fire_fighting,EMT,Robotics
Kuryakin,Illya,Fire_fighting,Robotics,EMT,Coding
Tripper,Jack,Robotics,Fire_fighting,EMT,Coding
Sommers,Jaime,Coding,Robotics,Fire_fighting,EMT
Kirk,T.,James,Robotics,Coding,Fire_fighting,EMT
Picard,Jean-Luc,EMT,Fire_fighting,Coding,Robotics
Fletcher,Jessica,EMT,Fire_fighting,Robotics,Coding
Ignatowski,Jim,Fire_fighting,Robotics,Coding,EMT
Rockford,Jim,EMT,Coding,Fire_fighting,Robotics
Friday,Joe,EMT,Fire_fighting,Robotics,Coding
Ewing,Ross,John,Coding,EMT,Robotics,Fire_fighting
Jr.,Walton,John,Coding,Fire_fighting,Robotics,EMT
Fever,Johnny,Robotics,EMT,Coding,Fire_fighting
Bartlet,Josiah,EMT,Robotics,Coding,Fire_fighting
Frog,the,Kermit,Robotics,EMT,Coding,Fire_fighting
Defazio,Laverne,Fire_fighting,Robotics,Coding,EMT
Briscoe,Lennie,Coding,EMT,Robotics,Fire_fighting
Grant,Lou,Fire_fighting,Coding,EMT,Robotics
DePalma,Louie,Robotics,Fire_fighting,EMT,Coding
Columbo,Lt.,EMT,Coding,Robotics,Fire_fighting
Kojak,Theo,Lt.,Coding,EMT,Robotics,Fire_fighting
Ricardo,Lucy,Coding,EMT,Fire_fighting,Robotics
Hayes,Maddie,Coding,Robotics,Fire_fighting,EMT
Welby,Marcus,Robotics,Fire_fighting,Coding,EMT
Craig,Mark,Coding,Fire_fighting,Robotics,EMT
Dillon,Matt,Marshal,Fire_fighting,EMT,Robotics,Coding
Richards,Mary,Coding,Fire_fighting,EMT,Robotics
Findlay,Maude,EMT,Fire_fighting,Coding,Robotics
Smart,Maxwell,Coding,Fire_fighting,EMT,Robotics
Krebs,G.,Maynard,Fire_fighting,EMT,Robotics,Coding
Belker,Mick,EMT,Fire_fighting,Coding,Robotics
Piggy,Miss,Fire_fighting,Coding,EMT,Robotics
Ork,Mork,Robotics,Fire_fighting,EMT,Coding
Addams,Morticia,Coding,Fire_fighting,EMT,Robotics
Brown,Murphy,Fire_fighting,Robotics,EMT,Coding
Solo,Napoleon,Fire_fighting,EMT,Coding,Robotics
Crane,Niles,EMT,Coding,Robotics,Fire_fighting
Bundy,Peggy,Coding,Fire_fighting,EMT,Robotics
Morgenstern,Rhoda,Coding,Robotics,Fire_fighting,EMT
RicardoTubbs,Robotics,EMT,Coding,Fire_fighting
Castillo,Richard,EMT,Coding,Robotics,Fire_fighting
Kimble,Richard,Robotics,EMT,Fire_fighting,Coding
Petrie,Rob,Fire_fighting,Coding,Robotics,EMT
Hartley,Robert,EMT,Fire_fighting,Coding,Robotics
Squirl,J,Rockey,EMT,Fire_fighting,Coding,Robotics
Conner,Roseanne,EMT,Coding,Robotics,Fire_fighting
Malone,Sam,Robotics,EMT,Coding,Fire_fighting
Stephens,Samantha,EMT,Fire_fighting,Coding,Robotics
Finney,Shirley,Robotics,Coding,Fire_fighting,EMT
Crockett,Sonney,Robotics,Fire_fighting,EMT,Coding
Vulcan,Spock,Coding,Fire_fighting,EMT,Robotics
Urkel,Steve,Fire_fighting,Robotics,Coding,EMT
Baxter,Ted,Coding,Robotics,Fire_fighting,EMT
Theodor,Fire_fighting,Coding,Robotics,EMT
Cleaver,Theodore,Fire_fighting,EMT,Robotics,Coding
Magnum,Thomas,Robotics,Fire_fighting,EMT,Coding
Soprano,Tony,Fire_fighting,Coding,EMT,Robotics
Mackey,Vic,Robotics,Coding,EMT,Fire_fighting
Barbarino,Vincent,Fire_fighting,Robotics,EMT,Coding
Grace,&,Will,Robotics,EMT,Fire_fighting,Coding
Princes,Xena,Coding,EMT,Robotics,Fire_fighting
Smith,Zachary,Coding,EMT,Robotics,Fire_fighting
